{"branches":[{"rotation":{"x":0.2226084315409124,"z":-115.88358407775351},"start":{"x":0,"y":0,"z":0},"length":15.196993122261322,"width":0.2}],"leaves":[{"translation":{"x":-0.025775293031616187,"y":-0.05312084970520795,"z":15.196878421822479},"rotation":{"x":0,"y":50,"z":-115.8835840777535},"scale":0.08333333333333333}]}
